{
  "0A9B4653-B11E-4D6A-850E-C6FCB621626C" : {
    "cameraTransform" : [
      1,
      0,
      0,
      0,
      0,
      0.86602544784545898,
      -0.49999994039535522,
      0,
      0,
      0.49999994039535522,
      0.86602544784545898,
      0,
      0.0035969093441963196,
      0.35542377829551697,
      0.62919163703918457,
      1
    ],
    "objectMetadataList" : [
      [
        "0A9B4653-B11E-4D6A-850E-C6FCB621626C",
        "Root"
      ],
      {
        "isExpanded" : true,
        "isLocked" : false
      }
    ]
  },
  "65F6F990-A780-4474-B78B-572E0E4E273D" : {
    "cameraTransform" : [
      1,
      0,
      0,
      0,
      0,
      0.86602544784545898,
      -0.49999988079071045,
      0,
      0,
      0.49999988079071045,
      0.86602544784545898,
      0,
      1.1972517199865251e-08,
      2.6179132461547852,
      0.43191218376159668,
      1
    ],
    "objectMetadataList" : [
      [
        "65F6F990-A780-4474-B78B-572E0E4E273D",
        "Root"
      ],
      {
        "isExpanded" : true,
        "isLocked" : false
      }
    ]
  },
  "1510F6C7-214D-4800-9C6C-F3964D5FC3E3" : {
    "cameraTransform" : [
      0.99999994039535522,
      0,
      0,
      0,
      0,
      0.86602538824081421,
      -0.49999994039535522,
      0,
      0,
      0.49999994039535522,
      0.86602538824081421,
      0,
      0,
      0.27093535661697388,
      0.46927383542060852,
      1
    ],
    "objectMetadataList" : [
      [
        "1510F6C7-214D-4800-9C6C-F3964D5FC3E3",
        "Root"
      ],
      {
        "isExpanded" : true,
        "isLocked" : false
      }
    ]
  },
  "66168B71-AB05-424E-8B6C-D33D6E61B08F" : {
    "cameraTransform" : [
      1,
      0,
      0,
      0,
      0,
      0.86602538824081421,
      -0.5,
      0,
      0,
      0.5,
      0.86602538824081421,
      0,
      0,
      0.23875366151332855,
      0.41353350877761841,
      1
    ],
    "objectMetadataList" : [
      [
        "66168B71-AB05-424E-8B6C-D33D6E61B08F",
        "Root"
      ],
      {
        "isExpanded" : true,
        "isLocked" : false
      }
    ]
  },
  "AF09ED6F-1707-48FD-8720-65B998362C09" : {
    "cameraTransform" : [
      0.99995416402816772,
      0.00038240294088609517,
      -0.00956722442060709,
      0,
      -0.007631674874573946,
      0.63525861501693726,
      -0.77226167917251587,
      0,
      0.0057823443785309792,
      0.77229934930801392,
      0.63523238897323608,
      0,
      -0.38513690233230591,
      2.1515638828277588,
      -0.8838573694229126,
      1
    ],
    "objectMetadataList" : [
      [
        "AF09ED6F-1707-48FD-8720-65B998362C09",
        "Root",
        "Sphere_Right"
      ],
      {
        "isExpanded" : true,
        "isLocked" : false
      },
      [
        "AF09ED6F-1707-48FD-8720-65B998362C09",
        "Root",
        "Sphere_Left"
      ],
      {
        "isExpanded" : true,
        "isLocked" : false
      },
      [
        "AF09ED6F-1707-48FD-8720-65B998362C09",
        "Root"
      ],
      {
        "isExpanded" : true,
        "isLocked" : false
      }
    ]
  },
  "CB766F92-EE55-4A63-9401-E7B8C009764D" : {
    "cameraTransform" : [
      1,
      0,
      0,
      0,
      0,
      0.86602532863616943,
      -0.50000011920928955,
      0,
      0,
      0.50000011920928955,
      0.86602532863616943,
      0,
      0,
      0.27093493938446045,
      0.46927309036254883,
      1
    ],
    "objectMetadataList" : [
      [
        "CB766F92-EE55-4A63-9401-E7B8C009764D",
        "Root"
      ],
      {
        "isExpanded" : true,
        "isLocked" : false
      },
      [
        "CB766F92-EE55-4A63-9401-E7B8C009764D",
        "Root",
        "GridMaterial"
      ],
      {
        "isExpanded" : true,
        "isLocked" : false
      }
    ]
  },
  "D560BB77-AAF3-4BDE-B7C4-989332A4688B" : {
    "cameraTransform" : [
      1,
      0,
      0,
      0,
      0,
      0.86602532863616943,
      -0.50000011920928955,
      0,
      0,
      0.50000011920928955,
      0.86602532863616943,
      0,
      0,
      0.27093493938446045,
      0.46927309036254883,
      1
    ],
    "objectMetadataList" : [

    ]
  },
  "D66134B1-3681-4A8E-AFE5-29F257229F3B" : {
    "cameraTransform" : [
      -0.98387199640274048,
      -6.830145139247179e-05,
      -0.17887407541275024,
      0,
      -0.048363965004682541,
      0.96285521984100342,
      0.26565161347389221,
      0,
      0.17221169173717499,
      0.27001821994781494,
      -0.94732958078384399,
      0,
      0.053051888942718506,
      0.050255570560693741,
      -0.24855479598045349,
      1
    ],
    "objectMetadataList" : [
      [
        "D66134B1-3681-4A8E-AFE5-29F257229F3B",
        "Root",
        "GridMaterial",
        "GridMaterial"
      ],
      {
        "isExpanded" : true,
        "isLocked" : false
      },
      [
        "D66134B1-3681-4A8E-AFE5-29F257229F3B",
        "Root",
        "_PlainMaterial"
      ],
      {
        "isExpanded" : true,
        "isLocked" : false
      },
      [
        "D66134B1-3681-4A8E-AFE5-29F257229F3B",
        "Root"
      ],
      {
        "isExpanded" : true,
        "isLocked" : false
      }
    ]
  }
}